id,price,property_type,city
732845,482.0,Entire home,Denver
4150242,500.0,Entire home,Denver
5504280,800.0,Entire home,Denver
5508840,663.0,Entire home,Denver
5968656,615.0,Entire home,Denver
6471872,475.0,Entire home,Denver
7228382,1176.0,Room in aparthotel,Denver
8800911,500.0,Castle,Denver
9548317,995.0,Entire home,Denver
12476899,475.0,Entire home,Denver
12711498,631.0,Entire home,Denver
13436850,590.0,Entire home,Denver
13783439,675.0,Entire home,Denver
13973540,824.0,Entire home,Denver
15409638,718.0,Entire condo,Denver
15425189,554.0,Entire condo,Denver
15436226,672.0,Entire condo,Denver
15788708,499.0,Entire home,Denver
15999220,517.0,Entire townhouse,Denver
16244480,4464.0,Entire home,Denver
16598808,525.0,Entire home,Denver
17316224,778.0,Entire home,Denver
17448570,478.0,Entire home,Denver
17624530,1229.0,Room in aparthotel,Denver
17889994,955.0,Entire home,Denver
18112151,28405.0,Entire condo,Denver
18238680,571.0,Entire home,Denver
18339484,850.0,Entire home,Denver
18753893,677.0,Entire home,Denver
19346878,482.0,Entire home,Denver
19893591,1286.0,Entire home,Denver
20331352,536.0,Entire townhouse,Denver
20572400,28352.0,Entire rental unit,Denver
20812859,500.0,Private room in rental unit,Denver
21139957,672.0,Entire condo,Denver
21712656,28398.0,Entire condo,Denver
21732567,588.0,Entire home,Denver
21998986,549.0,Entire townhouse,Denver
22001493,929.0,Entire serviced apartment,Denver
22356471,595.0,Entire townhouse,Denver
22941573,570.0,Entire home,Denver
23072906,500.0,Private room in home,Denver
24017637,957.0,Entire home,Denver
24087247,799.0,Entire home,Denver
24134572,995.0,Entire condo,Denver
24875887,552.0,Entire townhouse,Denver
25182421,1000.0,Entire townhouse,Denver
25292997,496.0,Entire home,Denver
26300543,709.0,Entire home,Denver
26328157,495.0,Entire home,Denver
26333386,1971.0,Entire home,Denver
26665911,850.0,Entire home,Denver
26736932,528.0,Entire townhouse,Denver
26767127,700.0,Private room in loft,Denver
27084940,857.0,Entire home,Denver
27960015,529.0,Entire home,Denver
29059053,569.0,Entire townhouse,Denver
29541249,536.0,Private room in hostel,Denver
29755398,525.0,Entire home,Denver
30775073,500.0,Entire home,Denver
32464758,599.0,Entire townhouse,Denver
33134111,1180.0,Entire home,Denver
33877623,595.0,Entire home,Denver
35160821,750.0,Entire home,Denver
35972429,575.0,Entire home,Denver
38774042,595.0,Entire home,Denver
39383172,549.0,Entire home,Denver
39484905,610.0,Entire townhouse,Denver
39709097,611.0,Entire home,Denver
40090017,832.0,Entire home,Denver
40287100,28566.0,Entire townhouse,Denver
41877877,686.0,Entire home,Denver
41976038,1258.0,Entire home,Denver
42138861,1119.0,Entire home,Denver
42711306,1045.0,Entire condo,Denver
42763068,729.0,Entire home,Denver
42780300,899.0,Lighthouse,Denver
42860856,484.0,Entire condo,Denver
43070342,689.0,Entire rental unit,Denver
43909396,1850.0,Entire home,Denver
44501060,857.0,Entire home,Denver
44557652,1100.0,Entire home,Denver
44996211,745.0,Entire home,Denver
45138294,700.0,Entire loft,Denver
45302598,1152.0,Entire condo,Denver
45400126,597.0,Entire loft,Denver
45412280,765.0,Entire home,Denver
45518735,4950.0,Entire townhouse,Denver
45720276,28398.0,Entire home,Denver
45803041,4500.0,Private room in rental unit,Denver
45882751,529.0,Entire home,Denver
46058269,600.0,Entire rental unit,Denver
46100889,564.0,Entire home,Denver
46136054,595.0,Entire home,Denver
46416197,711.0,Entire home,Denver
47272913,633.0,Entire home,Denver
48185431,618.0,Entire home,Denver
48203026,2400.0,Entire condo,Denver
48642796,28407.0,Entire home,Denver
48795065,1000.0,Entire condo,Denver
48871316,589.0,Entire home,Denver
49088589,562.0,Entire home,Denver
49198556,714.0,Entire townhouse,Denver
49276068,910.0,Entire home,Denver
49367087,557.0,Entire townhouse,Denver
49404318,957.0,Entire home,Denver
49756007,969.0,Entire home,Denver
49777274,1085.0,Entire townhouse,Denver
49905877,669.0,Entire home,Denver
50111201,479.0,Entire home,Denver
50242515,550.0,Entire home,Denver
51093234,493.0,Entire home,Denver
51178600,544.0,Entire home,Denver
51707335,524.0,Entire home,Denver
51735228,731.0,Entire home,Denver
51794518,1256.0,Entire home,Denver
51969004,1350.0,Entire home,Denver
52014915,568.0,Entire home,Denver
52112116,500.0,Private room in home,Denver
52149765,700.0,Entire home,Denver
52340045,500.0,Private room in home,Denver
52475710,28335.0,Entire condo,Denver
52555963,500.0,Entire home,Denver
52558612,609.0,Entire home,Denver
52691368,511.0,Entire rental unit,Denver
53111091,2607.0,Entire home,Denver
53171721,495.0,Entire home,Denver
53483088,585.0,Entire townhouse,Denver
53573527,529.0,Entire home,Denver
53612873,643.0,Entire home,Denver
53831741,10309.0,Entire rental unit,Denver
54356990,547.0,Entire home,Denver
527137558178534813,3096.0,Entire home,Denver
542160965815299384,544.0,Entire home,Denver
542877751959299320,509.0,Entire home,Denver
551548749943249681,499.0,Entire home,Denver
553186211758824247,633.0,Private room in home,Denver
560318591222231828,589.0,Entire home,Denver
567564908525870916,492.0,Entire bungalow,Denver
568691869852589247,1800.0,Entire home,Denver
568807975393641633,500.0,Entire home,Denver
583955778204351946,1386.0,Entire home,Denver
586085779711234376,540.0,Entire home,Denver
587513437595086155,1052.0,Entire home,Denver
593568862450340890,561.0,Entire townhouse,Denver
608667391544276117,1500.0,Entire home,Denver
623298670657398656,633.0,Entire townhouse,Denver
632588874164229344,28706.0,Entire townhouse,Denver
635555210339248267,761.0,Entire home,Denver
641348150582597460,1810.0,Castle,Denver
643417948099428932,580.0,Entire home,Denver
644837446965688827,640.0,Entire rental unit,Denver
649215157399625516,550.0,Entire home,Denver
650085529095764505,498.0,Entire home,Denver
654265050833606036,556.0,Entire home,Denver
654283075123390831,722.0,Entire home,Denver
655281960656437689,1889.0,Entire home,Denver
663258082153213909,602.0,Entire townhouse,Denver
664294387249001836,652.0,Entire home,Denver
665301771566747039,693.0,Entire home,Denver
668818300336683419,592.0,Entire home,Denver
674659387855434264,695.0,Entire home,Denver
675405028141726104,649.0,Entire home,Denver
689085319927829820,636.0,Entire home,Denver
690528301733677866,638.0,Entire home,Denver
692717775704191579,780.0,Entire home,Denver
713830086047355069,909.0,Entire condo,Denver
716530210998590258,505.0,Entire home,Denver
730367630464917794,500.0,Entire townhouse,Denver
732803631850724904,544.0,Entire home,Denver
737175199933870781,535.0,Entire home,Denver
741294673089470250,645.0,Entire home,Denver
744684629395125850,600.0,Entire townhouse,Denver
745544985036489294,850.0,Entire home,Denver
746638439089736116,500.0,Entire home,Denver
752234371382201261,7000.0,Entire home,Denver
762194521518223843,669.0,Entire home,Denver
772507366618873155,599.0,Entire home,Denver
782082601956823269,536.0,Entire home,Denver
788466538784998760,9999.0,Entire home,Denver
791263944272519579,600.0,Entire home,Denver
791973850006533364,509.0,Entire home,Denver
796406417161504421,487.0,Room in hotel,Denver
800530751849525931,603.0,Entire condo,Denver
800807502937442916,609.0,Entire home,Denver
800831803435776434,3718.0,Entire home,Denver
813671068436689105,988.0,Entire home,Denver
814495898252483732,636.0,Entire home,Denver
818174385676173277,680.0,Entire home,Denver
818853872505680261,5001.0,Entire home,Denver
820393016575551727,601.0,Entire bungalow,Denver
834294940672029785,495.0,Entire home,Denver
838351012578080929,680.0,Entire rental unit,Denver
842293747258462739,551.0,Entire home,Denver
842805706772711277,585.0,Entire rental unit,Denver
848045509671575084,494.0,Entire townhouse,Denver
849188031327624131,640.0,Entire home,Denver
851316625586438153,564.0,Entire home,Denver
853104076255221838,1000.0,Entire home,Denver
855327275561281832,507.0,Entire home,Denver
861126796625730336,764.0,Entire home,Denver
864078557262935096,761.0,Entire townhouse,Denver
869181737092761562,2000.0,Entire home,Denver
872727629768747526,475.0,Entire home,Denver
876777953989902832,602.0,Entire home,Denver
878961358582155040,99713.0,Entire home,Denver
879003853440822388,550.0,Entire home,Denver
887011723316210444,28686.0,Entire home,Denver
888498076712573098,800.0,Entire home,Denver
892265478285064653,515.0,Entire home,Denver
898837834604237292,528.0,Entire home,Denver
902877258730121864,499.0,Entire home,Denver
905701283711846565,497.0,Entire home,Denver
917948027130996863,795.0,Entire home,Denver
917956821691064168,775.0,Entire home,Denver
919426282565454215,587.0,Entire home,Denver
921034342240660670,1311.0,Entire home,Denver
932496844492137928,777.0,Entire home,Denver
933438977786237238,485.0,Entire home,Denver
943346570709669482,1000.0,Entire home,Denver
949281145965526683,500.0,Entire home,Denver
950126160281482908,630.0,Entire home,Denver
957501743350358431,509.0,Entire home,Denver
958148317597193120,479.0,Entire rental unit,Denver
970567451097629821,520.0,Entire home,Denver
975506241755008819,580.0,Entire home,Denver
983438328569418261,500.0,Entire townhouse,Denver
984124277696334416,691.0,Room in hotel,Denver
984125133600571975,678.0,Room in hotel,Denver
984132793826214166,593.0,Room in hotel,Denver
984133242057642972,557.0,Room in hotel,Denver
984133841752694067,573.0,Room in hotel,Denver
984134196664378560,539.0,Room in hotel,Denver
984134550830045214,600.0,Room in hotel,Denver
984135130759072482,551.0,Room in hotel,Denver
985655038490529659,632.0,Entire home,Denver
743211,675.0,Entire home,Boston
820073,475.0,Entire loft,Boston
863788,595.0,Entire condo,Boston
1109224,519.0,Entire rental unit,Boston
1130279,571.0,Entire rental unit,Boston
1596470,861.0,Entire townhouse,Boston
1810397,995.0,Entire townhouse,Boston
1956275,1299.0,Entire rental unit,Boston
2021483,500.0,Entire condo,Boston
2864688,650.0,Private room in bed and breakfast,Boston
5088560,550.0,Entire rental unit,Boston
5203538,900.0,Entire townhouse,Boston
5718921,520.0,Entire rental unit,Boston
5726250,525.0,Entire home,Boston
5919529,568.0,Entire townhouse,Boston
6465075,549.0,Entire condo,Boston
7453991,500.0,Private room in rental unit,Boston
7527149,750.0,Entire rental unit,Boston
11521541,950.0,Entire home,Boston
12301279,568.0,Entire rental unit,Boston
12618291,750.0,Entire home,Boston
13091712,529.0,Entire townhouse,Boston
13189564,504.0,Entire townhouse,Boston
13657486,3999.0,Entire condo,Boston
13959444,486.0,Entire rental unit,Boston
14035943,577.0,Entire rental unit,Boston
14186170,514.0,Entire condo,Boston
14204600,506.0,Entire rental unit,Boston
14205208,499.0,Entire rental unit,Boston
14704252,800.0,Entire home,Boston
15296865,590.0,Entire condo,Boston
15819226,500.0,Entire condo,Boston
16923467,500.0,Private room in townhouse,Boston
17075037,506.0,Entire home,Boston
17285926,1265.0,Entire rental unit,Boston
17472272,1600.0,Entire home,Boston
17832598,552.0,Entire home,Boston
17962385,500.0,Entire rental unit,Boston
19100282,500.0,Entire home,Boston
19969497,523.0,Entire rental unit,Boston
20655696,696.0,Entire home,Boston
21897391,1150.0,Entire condo,Boston
23015741,800.0,Entire rental unit,Boston
23392249,478.0,Entire serviced apartment,Boston
23393082,478.0,Entire serviced apartment,Boston
23393395,490.0,Entire serviced apartment,Boston
23393589,490.0,Entire serviced apartment,Boston
23394295,478.0,Entire serviced apartment,Boston
24034961,3941.0,Private room in rental unit,Boston
24484501,902.0,Entire rental unit,Boston
25158106,757.0,Entire serviced apartment,Boston
25284439,513.0,Entire serviced apartment,Boston
26012594,773.0,Entire home,Boston
26353456,500.0,Entire home,Boston
27251319,513.0,Entire serviced apartment,Boston
27252588,513.0,Entire serviced apartment,Boston
28241815,1000.0,Entire rental unit,Boston
30425726,517.0,Entire home,Boston
31764931,670.0,Entire rental unit,Boston
32546785,1200.0,Entire home,Boston
33352469,570.0,Room in hotel,Boston
33352470,4018.0,Room in hotel,Boston
33352475,517.0,Room in hotel,Boston
33352477,2668.0,Room in hotel,Boston
33638927,2430.0,Entire home,Boston
34279736,478.0,Entire serviced apartment,Boston
35405830,1000.0,Private room in home,Boston
35407404,1000.0,Private room in home,Boston
36558814,835.0,Room in boutique hotel,Boston
37152036,496.0,Entire rental unit,Boston
37912471,900.0,Entire home,Boston
38285740,699.0,Entire rental unit,Boston
38377602,479.0,Entire townhouse,Boston
39772695,10000.0,Room in boutique hotel,Boston
40919597,606.0,Room in hotel,Boston
40919810,632.0,Room in hotel,Boston
40919826,525.0,Room in hotel,Boston
41095605,999.0,Private room in rental unit,Boston
42384526,998.0,Entire townhouse,Boston
42834234,884.0,Entire townhouse,Boston
42834617,1134.0,Entire home,Boston
42960879,999.0,Private room in rental unit,Boston
42961112,999.0,Private room in rental unit,Boston
43276852,671.0,Entire serviced apartment,Boston
43277439,671.0,Entire serviced apartment,Boston
43913326,513.0,Entire serviced apartment,Boston
43921666,780.0,Entire serviced apartment,Boston
43957058,513.0,Entire serviced apartment,Boston
43957067,525.0,Entire serviced apartment,Boston
43957080,780.0,Entire serviced apartment,Boston
44134617,651.0,Entire serviced apartment,Boston
44134875,651.0,Entire serviced apartment,Boston
44135317,651.0,Entire serviced apartment,Boston
44135482,651.0,Entire serviced apartment,Boston
45493742,477.0,Entire serviced apartment,Boston
45494260,607.0,Entire serviced apartment,Boston
45501951,539.0,Entire serviced apartment,Boston
45502178,614.0,Entire serviced apartment,Boston
45531759,1096.0,Entire rental unit,Boston
45539554,610.0,Entire serviced apartment,Boston
45542821,521.0,Entire serviced apartment,Boston
45543316,481.0,Entire serviced apartment,Boston
45675549,787.0,Entire rental unit,Boston
45676233,542.0,Entire rental unit,Boston
45717383,600.0,Entire home,Boston
46580146,963.0,Entire home,Boston
46873714,499.0,Entire rental unit,Boston
46915451,685.0,Entire rental unit,Boston
46964831,714.0,Entire rental unit,Boston
46982246,582.0,Entire rental unit,Boston
46982433,832.0,Entire rental unit,Boston
46982800,612.0,Entire rental unit,Boston
46983441,561.0,Entire rental unit,Boston
46983650,907.0,Entire rental unit,Boston
46991477,500.0,Entire rental unit,Boston
47426948,544.0,Entire rental unit,Boston
47770530,607.0,Entire rental unit,Boston
48001395,911.0,Entire rental unit,Boston
48001583,908.0,Entire rental unit,Boston
48001788,739.0,Entire rental unit,Boston
48001906,490.0,Entire rental unit,Boston
48027264,614.0,Entire rental unit,Boston
48080557,530.0,Entire rental unit,Boston
48080614,614.0,Entire rental unit,Boston
48093229,941.0,Entire serviced apartment,Boston
48122230,611.0,Entire rental unit,Boston
48403559,883.0,Private room in rental unit,Boston
48466008,599.0,Entire condo,Boston
48641606,514.0,Entire rental unit,Boston
48802286,540.0,Entire home,Boston
48805065,583.0,Entire serviced apartment,Boston
48805748,622.0,Entire serviced apartment,Boston
48883658,764.0,Entire home,Boston
48905210,598.0,Entire home,Boston
49075129,499.0,Entire rental unit,Boston
49127943,1091.0,Entire home,Boston
49128422,487.0,Entire home,Boston
49475364,800.0,Entire rental unit,Boston
49638279,532.0,Entire rental unit,Boston
50031855,613.0,Entire condo,Boston
50051655,1178.0,Entire condo,Boston
50171555,551.0,Entire serviced apartment,Boston
50283962,651.0,Entire serviced apartment,Boston
50661496,1307.0,Entire townhouse,Boston
51619254,490.0,Entire serviced apartment,Boston
51621253,780.0,Entire serviced apartment,Boston
51633385,525.0,Entire serviced apartment,Boston
51760247,999.0,Entire rental unit,Boston
52112631,550.0,Entire condo,Boston
52278687,999.0,Private room in rental unit,Boston
52384026,478.0,Room in boutique hotel,Boston
52422200,485.0,Room in boutique hotel,Boston
52422480,485.0,Room in boutique hotel,Boston
52422690,500.0,Room in boutique hotel,Boston
52422789,521.0,Room in boutique hotel,Boston
52615785,637.0,Entire rental unit,Boston
52615817,550.0,Entire rental unit,Boston
52895996,548.0,Entire rental unit,Boston
52919260,969.0,Entire home,Boston
53005757,537.0,Entire condo,Boston
53026691,501.0,Room in boutique hotel,Boston
53026920,481.0,Room in boutique hotel,Boston
53030044,520.0,Room in boutique hotel,Boston
53062424,600.0,Entire condo,Boston
53185790,1195.0,Entire home,Boston
53262933,503.0,Entire rental unit,Boston
53263275,606.0,Entire rental unit,Boston
53276736,614.0,Entire condo,Boston
53364682,749.0,Entire rental unit,Boston
53394270,950.0,Entire townhouse,Boston
53702666,852.0,Entire home,Boston
53807625,999.0,Private room in rental unit,Boston
54012247,531.0,Entire home,Boston
54228929,560.0,Entire condo,Boston
54289419,1570.0,Entire rental unit,Boston
54399424,583.0,Entire rental unit,Boston
552968006314520018,895.0,Entire place,Boston
558618724978643866,483.0,Entire rental unit,Boston
558643883416501880,988.0,Entire rental unit,Boston
558649271934265623,947.0,Entire rental unit,Boston
560160957431820744,971.0,Entire rental unit,Boston
561575169091225652,750.0,Entire condo,Boston
562488761162560535,560.0,Entire condo,Boston
563794192602066775,595.0,Entire rental unit,Boston
567308226541956011,838.0,Entire rental unit,Boston
567350456427499210,474.0,Entire rental unit,Boston
570124822555104459,699.0,Entire loft,Boston
595021507855065483,490.0,Entire condo,Boston
599162132685597662,886.0,Entire home,Boston
602716508984845813,535.0,Entire rental unit,Boston
605814895112878033,688.0,Entire rental unit,Boston
610021158527991851,600.0,Entire rental unit,Boston
612970044547812293,800.0,Entire rental unit,Boston
613019381875296666,986.0,Entire rental unit,Boston
616886094726263774,824.0,Entire rental unit,Boston
617045331988491234,824.0,Private room in rental unit,Boston
620845455818869883,894.0,Entire rental unit,Boston
620873135155545376,967.0,Entire rental unit,Boston
620875895680909013,965.0,Entire rental unit,Boston
623160987006725660,965.0,Entire rental unit,Boston
630997334269195548,746.0,Entire rental unit,Boston
631002869915516131,1071.0,Entire rental unit,Boston
645528951341127494,1034.0,Entire rental unit,Boston
647070457404906638,1000.0,Entire home,Boston
647800372286587019,475.0,Entire rental unit,Boston
648482084671695845,499.0,Entire rental unit,Boston
649070238784628004,999.0,Private room in rental unit,Boston
650670596271554040,561.0,Entire rental unit,Boston
658713146354442625,530.0,Entire serviced apartment,Boston
660152992531541857,686.0,Entire rental unit,Boston
660804988514976374,599.0,Entire rental unit,Boston
662251245962689930,599.0,Entire rental unit,Boston
663041203326076714,499.0,Entire rental unit,Boston
668800598988690151,731.0,Entire rental unit,Boston
668804688861479022,859.0,Entire rental unit,Boston
669578357684975033,507.0,Entire rental unit,Boston
670916106980265201,999.0,Private room in rental unit,Boston
673740923378213133,494.0,Entire rental unit,Boston
678981779910322461,499.0,Entire rental unit,Boston
682571975147334404,594.0,Entire rental unit,Boston
683914639091241468,499.0,Entire serviced apartment,Boston
683918385793735810,900.0,Entire condo,Boston
686384189370270627,475.0,Entire rental unit,Boston
689211359812615659,523.0,Entire rental unit,Boston
689792415355732136,685.0,Entire serviced apartment,Boston
691291991688138301,747.0,Entire place,Boston
693758295305744325,479.0,Entire serviced apartment,Boston
695608646617952363,718.0,Entire rental unit,Boston
698682466708770533,824.0,Entire rental unit,Boston
701274791685463099,564.0,Entire rental unit,Boston
701320109746373355,760.0,Entire rental unit,Boston
702086929630286306,514.0,Entire serviced apartment,Boston
703775139748348565,486.0,Entire condo,Boston
706361084592912840,663.0,Entire serviced apartment,Boston
706390127263498796,505.0,Entire serviced apartment,Boston
706401579813628843,505.0,Entire serviced apartment,Boston
710219921415947886,1000.0,Entire home,Boston
712205269097128192,599.0,Entire place,Boston
712211369233027399,599.0,Room in boutique hotel,Boston
724605018390971642,523.0,Entire rental unit,Boston
725263390436954342,754.0,Entire rental unit,Boston
729597299173881827,714.0,Entire rental unit,Boston
730427842326719531,1904.0,Entire condo,Boston
735043102004597670,494.0,Entire rental unit,Boston
735867843119997676,999.0,Private room in rental unit,Boston
738524928622077555,499.0,Entire rental unit,Boston
739614638101275517,550.0,Entire vacation home,Boston
740400290363696561,890.0,Entire condo,Boston
743329198713904828,550.0,Entire condo,Boston
748583862346785455,499.0,Entire rental unit,Boston
748711480939888945,599.0,Entire rental unit,Boston
750578690245015589,499.0,Entire loft,Boston
751701290567528417,624.0,Entire rental unit,Boston
752215364659354696,499.0,Entire rental unit,Boston
752749838359816350,900.0,Entire townhouse,Boston
752888532415675876,874.0,Entire rental unit,Boston
753003575647696758,749.0,Entire rental unit,Boston
754262361243349365,749.0,Entire rental unit,Boston
754299484662610177,749.0,Entire rental unit,Boston
754342535270816668,624.0,Entire rental unit,Boston
755623527529374356,575.0,Entire condo,Boston
755773092035978151,499.0,Entire rental unit,Boston
757065362901567243,702.0,Entire rental unit,Boston
757581131118742946,599.0,Entire rental unit,Boston
768249035945598810,503.0,Entire rental unit,Boston
769152117857999006,624.0,Entire rental unit,Boston
769614253675332089,1257.0,Entire home,Boston
771690696993014228,651.0,Entire condo,Boston
773728486076845843,480.0,Entire rental unit,Boston
774537923800863315,560.0,Entire rental unit,Boston
776357275298272961,571.0,Entire home,Boston
776419658774901321,1500.0,Entire rental unit,Boston
776851735956727538,875.0,Entire condo,Boston
778447421785771490,549.0,Entire rental unit,Boston
781452792968796863,499.0,Entire rental unit,Boston
782713680549905132,500.0,Entire rental unit,Boston
793442721651271774,1300.0,Entire home,Boston
794842805414477219,1018.0,Entire home,Boston
795570428141464265,866.0,Private room in rental unit,Boston
796323905263755930,1200.0,Entire rental unit,Boston
796477893439161143,563.0,Entire rental unit,Boston
797760658495759387,561.0,Entire rental unit,Boston
798602855076553875,663.0,Entire townhouse,Boston
802166403809860478,999.0,Private room in rental unit,Boston
802166414075782402,999.0,Private room in rental unit,Boston
803385779755101640,999.0,Private room in rental unit,Boston
803522498141952905,999.0,Private room in rental unit,Boston
804632466382084934,611.0,Entire rental unit,Boston
806035937248754832,499.0,Entire rental unit,Boston
808445340426157030,999.0,Private room in rental unit,Boston
808445812052017169,999.0,Private room in rental unit,Boston
808446633871122903,999.0,Private room in rental unit,Boston
808446788230276591,999.0,Private room in rental unit,Boston
808605340132686770,556.0,Entire home,Boston
812152129868963255,999.0,Private room in rental unit,Boston
813619015576589022,693.0,Entire rental unit,Boston
818121302423526505,624.0,Entire rental unit,Boston
818227698513646684,999.0,Entire rental unit,Boston
822315015309420908,485.0,Entire rental unit,Boston
824134531822166914,499.0,Entire rental unit,Boston
825324105446149033,499.0,Entire rental unit,Boston
829935330548464265,749.0,Entire rental unit,Boston
835973066179565908,999.0,Private room in rental unit,Boston
837538755134178518,497.0,Entire rental unit,Boston
839868486583049106,529.0,Entire rental unit,Boston
841300163917010243,699.0,Entire rental unit,Boston
841340391794964228,495.0,Entire home,Boston
844177024778571157,999.0,Private room in rental unit,Boston
847129553841190014,490.0,Entire rental unit,Boston
847226218698875627,817.0,Entire home,Boston
849958605156718257,649.0,Entire rental unit,Boston
852166516716286801,749.0,Entire rental unit,Boston
852952997355884488,1017.0,Room in hotel,Boston
852953179323495268,1017.0,Room in hotel,Boston
852963302031503075,1017.0,Room in hotel,Boston
852966580260908921,1017.0,Room in hotel,Boston
852969864002409791,1159.0,Room in hotel,Boston
853001343070509399,1017.0,Room in hotel,Boston
853001389171200465,1017.0,Room in hotel,Boston
853001444515245757,1017.0,Room in hotel,Boston
853001498465307160,1017.0,Room in hotel,Boston
853001546629584442,1017.0,Room in hotel,Boston
853001592213690521,1017.0,Room in hotel,Boston
853528863931557158,1017.0,Room in hotel,Boston
853664336371449975,499.0,Entire rental unit,Boston
860163719347640584,700.0,Entire home,Boston
861745537838627043,890.0,Entire home,Boston
864021933298523984,700.0,Private room in rental unit,Boston
870900443792498664,512.0,Entire rental unit,Boston
873911041827061745,1154.0,Entire rental unit,Boston
873954835555267025,499.0,Entire rental unit,Boston
876933034869554907,585.0,Entire rental unit,Boston
878217467168924221,800.0,Entire home,Boston
879900579720090729,520.0,Private room in rental unit,Boston
882717185163988193,1100.0,Entire rental unit,Boston
882729415678650053,1700.0,Entire rental unit,Boston
884174528455012518,556.0,Entire rental unit,Boston
885495157165932137,599.0,Entire rental unit,Boston
891295191097700705,658.0,Entire rental unit,Boston
891352668880165505,900.0,Entire home,Boston
892195997520577363,699.0,Entire rental unit,Boston
894079591468369288,999.0,Private room in rental unit,Boston
894079894958333324,999.0,Private room in rental unit,Boston
894906830983242588,663.0,Entire condo,Boston
898657332135700633,575.0,Entire rental unit,Boston
900018821584091710,525.0,Entire rental unit,Boston
903506222801545850,595.0,Entire home,Boston
903924529985256996,610.0,Entire rental unit,Boston
909639754097586151,805.0,Entire condo,Boston
909739326283898244,1269.0,Entire condo,Boston
918690415212065897,497.0,Entire rental unit,Boston
918904984983903999,543.0,Entire rental unit,Boston
920305069921267571,501.0,Entire rental unit,Boston
935403183698880292,513.0,Entire townhouse,Boston
938352618005618335,595.0,Entire rental unit,Boston
939132795410563678,706.0,Entire home,Boston
939167050511436341,480.0,Entire home,Boston
940620825573395928,599.0,Entire rental unit,Boston
940636340380992694,500.0,Entire rental unit,Boston
942794393550359402,599.0,Entire rental unit,Boston
944182399245684380,494.0,Entire condo,Boston
945916288884011126,577.0,Entire condo,Boston
947111916947155717,658.0,Entire condo,Boston
955140977119505842,1758.0,Room in hotel,Boston
955141523499654671,1172.0,Room in hotel,Boston
955144413752333121,585.0,Room in hotel,Boston
955145331631410255,683.0,Room in hotel,Boston
955146059365199224,488.0,Room in hotel,Boston
955146851971716533,585.0,Room in hotel,Boston
955147484351946796,9770.0,Room in hotel,Boston
960038348343742600,1100.0,Entire home,Boston
963792616319536906,650.0,Entire rental unit,Boston
965274363718152417,652.0,Entire condo,Boston
971056828621546341,559.0,Entire rental unit,Boston
973281689466385552,499.0,Entire rental unit,Boston
978554728200073625,599.0,Entire rental unit,Boston
1206512,750.0,Entire home,Nashville
1557535,585.0,Entire home,Nashville
1951714,500.0,Shared room in home,Nashville
2396505,706.0,Entire home,Nashville
2577619,666.0,Entire home,Nashville
2824336,946.0,Entire home,Nashville
2908364,705.0,Entire home,Nashville
3107569,586.0,Entire home,Nashville
3158038,525.0,Entire home,Nashville
4169295,797.0,Entire home,Nashville
4494569,515.0,Entire home,Nashville
4531756,699.0,Entire home,Nashville
5102074,2750.0,Entire home,Nashville
5338971,503.0,Entire home,Nashville
5582584,500.0,Entire home,Nashville
5759335,754.0,Entire home,Nashville
5767371,528.0,Entire home,Nashville
5920152,1593.0,Entire home,Nashville
6561061,529.0,Entire home,Nashville
6703990,533.0,Entire home,Nashville
7622494,2600.0,Entire villa,Nashville
8188686,891.0,Entire home,Nashville
8457305,503.0,Entire rental unit,Nashville
8608294,507.0,Entire home,Nashville
8690505,567.0,Entire home,Nashville
8904707,714.0,Entire loft,Nashville
8983414,600.0,Entire home,Nashville
9252931,628.0,Entire home,Nashville
9383218,500.0,Entire home,Nashville
9776337,2057.0,Entire home,Nashville
10904943,483.0,Entire rental unit,Nashville
10906429,523.0,Entire loft,Nashville
10906882,528.0,Entire loft,Nashville
10907204,588.0,Entire loft,Nashville
10907474,558.0,Entire loft,Nashville
10908989,528.0,Entire loft,Nashville
10909222,514.0,Entire loft,Nashville
10909635,588.0,Entire loft,Nashville
11024062,505.0,Entire home,Nashville
11318225,950.0,Entire home,Nashville
11358238,524.0,Entire home,Nashville
11387993,750.0,Entire home,Nashville
11438990,619.0,Entire home,Nashville
11465403,714.0,Entire home,Nashville
11610349,628.0,Entire home,Nashville
11671060,714.0,Entire home,Nashville
11671431,600.0,Entire home,Nashville
11671760,657.0,Entire home,Nashville
11671977,571.0,Entire home,Nashville
11963187,923.0,Entire home,Nashville
12276038,686.0,Entire home,Nashville
12294564,580.0,Entire home,Nashville
12451484,674.0,Entire home,Nashville
12763495,497.0,Entire home,Nashville
13595249,970.0,Entire home,Nashville
13980372,497.0,Entire home,Nashville
14419919,836.0,Entire home,Nashville
14692027,521.0,Entire home,Nashville
14994422,1853.0,Entire home,Nashville
15020186,599.0,Entire home,Nashville
15239264,900.0,Entire home,Nashville
15421188,476.0,Entire home,Nashville
15462212,541.0,Entire townhouse,Nashville
15990952,509.0,Entire home,Nashville
16083374,476.0,Entire home,Nashville
16083637,1027.0,Entire townhouse,Nashville
16237658,550.0,Entire home,Nashville
16353363,481.0,Entire loft,Nashville
16462810,521.0,Entire home,Nashville
16795349,489.0,Entire home,Nashville
16998469,558.0,Entire home,Nashville
17016355,482.0,Entire home,Nashville
17141755,565.0,Entire loft,Nashville
17988132,579.0,Entire home,Nashville
18043400,595.0,Entire home,Nashville
18112234,581.0,Entire home,Nashville
18133636,521.0,Entire home,Nashville
18311389,543.0,Entire home,Nashville
18562392,680.0,Entire home,Nashville
18828742,499.0,Entire home,Nashville
18915833,1115.0,Entire loft,Nashville
18916432,1115.0,Entire loft,Nashville
18958675,786.0,Entire home,Nashville
19141445,1000.0,Entire home,Nashville
19274453,690.0,Entire bungalow,Nashville
19349043,529.0,Entire home,Nashville
19450972,484.0,Entire loft,Nashville
19521585,749.0,Entire home,Nashville
19574379,604.0,Entire home,Nashville
19694811,513.0,Entire home,Nashville
19888057,1069.0,Entire condo,Nashville
19893170,604.0,Entire home,Nashville
20124821,587.0,Entire loft,Nashville
20357914,543.0,Entire townhouse,Nashville
20411425,561.0,Entire home,Nashville
20864705,606.0,Entire home,Nashville
20980320,506.0,Entire home,Nashville
21020344,539.0,Entire townhouse,Nashville
21369707,1286.0,Entire home,Nashville
21582620,591.0,Entire home,Nashville
21606660,521.0,Entire home,Nashville
21804263,566.0,Entire home,Nashville
21935318,600.0,Entire home,Nashville
22550820,1943.0,Entire townhouse,Nashville
22569739,666.0,Entire townhouse,Nashville
22654775,743.0,Entire townhouse,Nashville
22655043,714.0,Entire townhouse,Nashville
22795751,908.0,Entire home,Nashville
22925475,1028.0,Entire townhouse,Nashville
22960233,768.0,Entire townhouse,Nashville
23001203,485.0,Entire home,Nashville
23091861,770.0,Entire townhouse,Nashville
23324285,882.0,Entire home,Nashville
23450038,940.0,Entire home,Nashville
23465991,695.0,Entire home,Nashville
23709849,969.0,Entire home,Nashville
24356038,748.0,Entire townhouse,Nashville
24491267,596.0,Entire home,Nashville
24715542,576.0,Entire home,Nashville
24769386,820.0,Entire home,Nashville
24910899,1299.0,Entire home,Nashville
25007949,476.0,Entire home,Nashville
25807003,769.0,Entire townhouse,Nashville
25903972,957.0,Entire home,Nashville
25909117,575.0,Entire home,Nashville
25967703,501.0,Entire home,Nashville
26245408,549.0,Entire home,Nashville
26659476,798.0,Entire home,Nashville
26776225,675.0,Entire home,Nashville
27084016,1091.0,Room in boutique hotel,Nashville
27084276,520.0,Room in boutique hotel,Nashville
27192929,795.0,Entire home,Nashville
27225405,573.0,Entire home,Nashville
27228775,527.0,Entire home,Nashville
27450078,512.0,Entire home,Nashville
27489460,621.0,Entire home,Nashville
28384893,495.0,Entire home,Nashville
28611456,2032.0,Room in hotel,Nashville
28611723,701.0,Room in hotel,Nashville
28611832,828.0,Room in hotel,Nashville
28612147,606.0,Room in hotel,Nashville
28612808,739.0,Room in hotel,Nashville
28631531,545.0,Room in hotel,Nashville
28631887,519.0,Room in hotel,Nashville
28697710,540.0,Entire home,Nashville
28916825,500.0,Entire townhouse,Nashville
29210307,517.0,Entire townhouse,Nashville
29692044,507.0,Entire home,Nashville
29852198,785.0,Entire home,Nashville
29983375,486.0,Entire home,Nashville
30155980,486.0,Entire serviced apartment,Nashville
30178510,536.0,Entire home,Nashville
30324509,729.0,Entire home,Nashville
30393490,685.0,Entire townhouse,Nashville
30816074,500.0,Entire townhouse,Nashville
30908927,1050.0,Entire condo,Nashville
30952435,585.0,Entire home,Nashville
31626962,564.0,Entire home,Nashville
31715199,845.0,Entire home,Nashville
31758139,1130.0,Entire home,Nashville
32163126,680.0,Entire rental unit,Nashville
32167385,580.0,Entire home,Nashville
32303061,639.0,Entire home,Nashville
32310247,638.0,Entire home,Nashville
32354966,1252.0,Entire condo,Nashville
32400472,880.0,Entire townhouse,Nashville
32603179,1164.0,Entire loft,Nashville
32603808,1164.0,Entire rental unit,Nashville
32809031,669.0,Entire home,Nashville
32990740,491.0,Entire home,Nashville
33037600,500.0,Camper/RV,Nashville
33192265,658.0,Entire townhouse,Nashville
33194843,611.0,Entire home,Nashville
33223973,856.0,Entire home,Nashville
33248440,505.0,Entire home,Nashville
33332556,505.0,Entire home,Nashville
33426720,534.0,Entire loft,Nashville
33427132,600.0,Entire condo,Nashville
33448466,493.0,Entire townhouse,Nashville
33744589,681.0,Entire rental unit,Nashville
33745251,1484.0,Entire rental unit,Nashville
33870925,5000.0,Entire home,Nashville
33912398,1000.0,Entire home,Nashville
34039959,607.0,Entire home,Nashville
34232229,742.0,Entire home,Nashville
34257791,496.0,Entire home,Nashville
34307701,749.0,Entire home,Nashville
34310407,522.0,Entire home,Nashville
34365525,604.0,Entire home,Nashville
34418065,491.0,Entire townhouse,Nashville
34506656,596.0,Entire home,Nashville
34575449,542.0,Entire townhouse,Nashville
34576589,773.0,Entire townhouse,Nashville
34688029,763.0,Entire home,Nashville
34906207,699.0,Entire townhouse,Nashville
34997148,826.0,Entire home,Nashville
34997605,845.0,Entire home,Nashville
35002075,1365.0,Entire home,Nashville
35002497,796.0,Entire home,Nashville
35002753,797.0,Entire home,Nashville
35262677,971.0,Entire home,Nashville
35460422,538.0,Entire home,Nashville
35467842,522.0,Entire townhouse,Nashville
35468350,522.0,Entire townhouse,Nashville
35468466,522.0,Entire townhouse,Nashville
35612368,826.0,Entire home,Nashville
36002571,599.0,Entire home,Nashville
36144835,856.0,Entire townhouse,Nashville
36148146,494.0,Entire home,Nashville
37245633,593.0,Entire townhouse,Nashville
37291927,1857.0,Entire townhouse,Nashville
37455823,670.0,Entire home,Nashville
37593669,837.0,Entire home,Nashville
37912148,514.0,Entire home,Nashville
38095416,5186.0,Entire home,Nashville
38213185,693.0,Entire home,Nashville
38220093,699.0,Entire home,Nashville
38414300,519.0,Entire home,Nashville
38461533,489.0,Entire home,Nashville
38719402,642.0,Entire home,Nashville
39218677,2217.0,Entire home,Nashville
39943743,590.0,Entire townhouse,Nashville
40118089,510.0,Entire townhouse,Nashville
40138204,504.0,Entire townhouse,Nashville
40282813,575.0,Entire townhouse,Nashville
40283450,511.0,Entire townhouse,Nashville
40284336,519.0,Entire townhouse,Nashville
40284754,547.0,Entire townhouse,Nashville
40311241,946.0,Entire townhouse,Nashville
40777622,548.0,Entire townhouse,Nashville
40819746,566.0,Entire townhouse,Nashville
40834246,519.0,Entire home,Nashville
41348914,605.0,Entire home,Nashville
41374037,649.0,Entire home,Nashville
41482843,581.0,Entire townhouse,Nashville
41556676,585.0,Entire home,Nashville
41749749,668.0,Entire townhouse,Nashville
41878338,632.0,Entire rental unit,Nashville
41906407,727.0,Entire home,Nashville
41984163,1170.0,Entire home,Nashville
42048197,650.0,Entire home,Nashville
42067249,1211.0,Entire loft,Nashville
42099257,604.0,Entire home,Nashville
42160751,939.0,Entire home,Nashville
42374689,614.0,Entire home,Nashville
42405143,1000.0,Entire home,Nashville
42491752,691.0,Entire home,Nashville
42493913,587.0,Entire home,Nashville
42584155,833.0,Entire home,Nashville
42667471,800.0,Entire home,Nashville
42755251,496.0,Entire home,Nashville
42925313,937.0,Entire condo,Nashville
43197222,579.0,Entire home,Nashville
43197271,579.0,Entire home,Nashville
43268019,485.0,Entire home,Nashville
43324827,947.0,Entire home,Nashville
43402437,532.0,Entire home,Nashville
43451417,629.0,Entire home,Nashville
43768185,527.0,Entire townhouse,Nashville
43941168,535.0,Entire home,Nashville
43957533,508.0,Entire home,Nashville
44087997,548.0,Entire townhouse,Nashville
44118885,600.0,Entire serviced apartment,Nashville
44151824,505.0,Entire home,Nashville
44181938,495.0,Entire home,Nashville
44316702,858.0,Entire condo,Nashville
44360291,585.0,Entire home,Nashville
44488076,475.0,Entire home,Nashville
44589943,750.0,Entire home,Nashville
44614784,621.0,Entire condo,Nashville
44647327,536.0,Entire townhouse,Nashville
44648946,586.0,Entire condo,Nashville
44679310,595.0,Entire home,Nashville
44679540,600.0,Entire condo,Nashville
44679541,1082.0,Entire condo,Nashville
44679543,607.0,Entire condo,Nashville
44695013,700.0,Entire condo,Nashville
44940846,928.0,Entire rental unit,Nashville
45069926,709.0,Entire condo,Nashville
45767343,500.0,Entire condo,Nashville
45771914,653.0,Entire condo,Nashville
45772144,616.0,Entire condo,Nashville
45774205,1286.0,Entire condo,Nashville
45839968,615.0,Entire home,Nashville
45842524,616.0,Entire townhouse,Nashville
45844196,722.0,Entire townhouse,Nashville
45925280,1243.0,Entire home,Nashville
45953417,570.0,Entire rental unit,Nashville
45953418,695.0,Entire rental unit,Nashville
46193157,705.0,Entire townhouse,Nashville
46194921,661.0,Entire townhouse,Nashville
46277754,839.0,Entire home,Nashville
46920348,507.0,Entire home,Nashville
47143521,770.0,Entire home,Nashville
47375112,673.0,Entire townhouse,Nashville
47517049,566.0,Entire home,Nashville
47577949,592.0,Entire townhouse,Nashville
47582472,550.0,Entire home,Nashville
47700324,504.0,Entire townhouse,Nashville
47727586,740.0,Entire home,Nashville
47780180,539.0,Entire townhouse,Nashville
47846359,814.0,Entire loft,Nashville
47856622,1200.0,Entire home,Nashville
47868157,713.0,Entire townhouse,Nashville
47868162,713.0,Entire townhouse,Nashville
47903655,927.0,Entire home,Nashville
48069442,985.0,Entire home,Nashville
48138164,557.0,Entire home,Nashville
48184136,488.0,Entire townhouse,Nashville
48194204,736.0,Entire townhouse,Nashville
48227106,1064.0,Entire rental unit,Nashville
48230874,542.0,Entire townhouse,Nashville
48235095,493.0,Entire rental unit,Nashville
48311229,510.0,Entire rental unit,Nashville
48325646,686.0,Entire home,Nashville
48325804,714.0,Entire home,Nashville
48671540,542.0,Entire townhouse,Nashville
48702974,542.0,Entire home,Nashville
48712573,1276.0,Entire home,Nashville
48731638,1476.0,Entire condo,Nashville
48842066,1104.0,Entire condo,Nashville
48864936,821.0,Entire home,Nashville
48865436,505.0,Entire home,Nashville
48870923,822.0,Entire home,Nashville
48883208,505.0,Entire home,Nashville
48928538,1272.0,Entire home,Nashville
48941879,512.0,Entire home,Nashville
48951425,477.0,Entire home,Nashville
48962275,490.0,Entire home,Nashville
49009360,822.0,Entire home,Nashville
49045042,551.0,Entire townhouse,Nashville
49073393,720.0,Entire home,Nashville
49107158,797.0,Entire rental unit,Nashville
49112766,502.0,Entire rental unit,Nashville
49173378,615.0,Entire townhouse,Nashville
49230794,485.0,Entire rental unit,Nashville
49253797,856.0,Entire townhouse,Nashville
49339599,941.0,Entire townhouse,Nashville
49388590,670.0,Entire townhouse,Nashville
49469481,500.0,Private room in townhouse,Nashville
49501194,474.0,Entire rental unit,Nashville
49513826,560.0,Entire rental unit,Nashville
49535030,500.0,Entire home,Nashville
49634190,540.0,Entire home,Nashville
49753337,1120.0,Entire townhouse,Nashville
49770583,787.0,Entire home,Nashville
49775779,609.0,Entire townhouse,Nashville
49775860,608.0,Entire townhouse,Nashville
49865502,893.0,Entire home,Nashville
49867640,853.0,Entire home,Nashville
49882275,578.0,Entire home,Nashville
49902333,1233.0,Tiny home,Nashville
49953813,1517.0,Entire home,Nashville
50026581,671.0,Entire home,Nashville
50070063,1141.0,Entire home,Nashville
50138513,725.0,Entire condo,Nashville
50170822,708.0,Entire rental unit,Nashville
50241812,1214.0,Entire home,Nashville
50246654,1299.0,Entire home,Nashville
50284842,474.0,Entire home,Nashville
50366077,800.0,Entire townhouse,Nashville
50398658,495.0,Entire townhouse,Nashville
50420571,514.0,Entire home,Nashville
50440855,560.0,Entire home,Nashville
50542497,489.0,Entire rental unit,Nashville
50645987,494.0,Entire townhouse,Nashville
50734723,580.0,Entire townhouse,Nashville
50747977,2242.0,Entire home,Nashville
50794310,850.0,Entire townhouse,Nashville
50894515,800.0,Entire townhouse,Nashville
50936711,1014.0,Entire home,Nashville
50994744,520.0,Entire townhouse,Nashville
51040311,476.0,Entire home,Nashville
51086566,510.0,Entire home,Nashville
51169872,684.0,Entire home,Nashville
51170673,529.0,Entire home,Nashville
51173108,595.0,Entire home,Nashville
51224235,529.0,Entire home,Nashville
51366048,852.0,Entire home,Nashville
51514378,538.0,Entire home,Nashville
51560623,856.0,Entire townhouse,Nashville
51596513,485.0,Entire townhouse,Nashville
51599538,599.0,Entire townhouse,Nashville
51765729,664.0,Entire townhouse,Nashville
51781831,699.0,Entire townhouse,Nashville
51781990,728.0,Entire townhouse,Nashville
51788354,607.0,Entire townhouse,Nashville
51848351,676.0,Entire townhouse,Nashville
51869280,520.0,Entire townhouse,Nashville
51927746,786.0,Entire home,Nashville
51927873,935.0,Entire townhouse,Nashville
51957322,866.0,Entire home,Nashville
51985103,742.0,Entire townhouse,Nashville
51987301,935.0,Entire home,Nashville
52002701,864.0,Entire townhouse,Nashville
52149414,498.0,Entire home,Nashville
52193958,600.0,Room in hotel,Nashville
52248270,875.0,Entire rental unit,Nashville
52257520,498.0,Entire home,Nashville
52280444,521.0,Entire townhouse,Nashville
52283440,1618.0,Entire home,Nashville
52288588,570.0,Entire home,Nashville
52332854,476.0,Entire home,Nashville
52346766,696.0,Entire home,Nashville
52407138,894.0,Entire home,Nashville
52440845,491.0,Entire townhouse,Nashville
52455328,849.0,Entire home,Nashville
52464514,607.0,Entire home,Nashville
52497891,642.0,Entire home,Nashville
52512418,550.0,Entire home,Nashville
52513373,507.0,Entire rental unit,Nashville
52549700,561.0,Entire townhouse,Nashville
52552602,519.0,Entire home,Nashville
52568006,615.0,Entire serviced apartment,Nashville
52631751,736.0,Entire townhouse,Nashville
52653067,1468.0,Entire townhouse,Nashville
52655195,492.0,Entire home,Nashville
52706205,2989.0,Entire home,Nashville
52864525,717.0,Entire home,Nashville
52864526,717.0,Entire home,Nashville
52920254,784.0,Entire home,Nashville
52930930,1286.0,Entire home,Nashville
52950362,513.0,Entire home,Nashville
52995760,592.0,Entire townhouse,Nashville
53000888,1465.0,Entire home,Nashville
53024669,663.0,Entire home,Nashville
53041579,605.0,Entire townhouse,Nashville
53112473,546.0,Entire townhouse,Nashville
53142754,531.0,Entire townhouse,Nashville
53171520,477.0,Entire serviced apartment,Nashville
53186655,506.0,Entire townhouse,Nashville
53227018,728.0,Entire townhouse,Nashville
53430789,690.0,Entire townhouse,Nashville
53454686,1038.0,Entire home,Nashville
53604829,525.0,Entire condo,Nashville
53606798,1237.0,Entire home,Nashville
53658369,642.0,Entire rental unit,Nashville
53670065,1454.0,Entire townhouse,Nashville
53684318,742.0,Entire home,Nashville
53768934,729.0,Entire home,Nashville
53784306,507.0,Entire townhouse,Nashville
53898800,565.0,Entire home,Nashville
53917655,514.0,Entire home,Nashville
53918832,683.0,Entire townhouse,Nashville
53943260,614.0,Entire rental unit,Nashville
54055196,704.0,Entire home,Nashville
54073294,1249.0,Entire home,Nashville
54082699,500.0,Entire home,Nashville
54112438,719.0,Entire townhouse,Nashville
54195220,476.0,Entire home,Nashville
54196255,707.0,Entire rental unit,Nashville
54228687,562.0,Entire home,Nashville
54239899,1016.0,Entire home,Nashville
54252907,2491.0,Entire home,Nashville
54287814,562.0,Entire townhouse,Nashville
54291984,865.0,Entire home,Nashville
54341170,607.0,Entire home,Nashville
542632381355303623,544.0,Entire home,Nashville
542668889218896558,789.0,Entire home,Nashville
542735754245746099,524.0,Entire condo,Nashville
544267458894972037,1416.0,Entire home,Nashville
545895183169535984,1010.0,Entire home,Nashville
547163520540965641,510.0,Entire condo,Nashville
547187422978205487,895.0,Entire condo,Nashville
547903407250347744,1050.0,Entire home,Nashville
549209529877805453,1327.0,Entire home,Nashville
551564959086028579,670.0,Entire home,Nashville
551604399367364760,621.0,Entire home,Nashville
552175722693172058,784.0,Entire home,Nashville
552375535350654618,781.0,Entire home,Nashville
552820809403998691,505.0,Entire townhouse,Nashville
552981393522977344,695.0,Entire townhouse,Nashville
553513875533434260,489.0,Entire townhouse,Nashville
554287301682037480,484.0,Entire home,Nashville
554287328938317646,516.0,Entire townhouse,Nashville
554287478964685368,746.0,Entire townhouse,Nashville
554287623124043768,492.0,Entire home,Nashville
554437353464843807,607.0,Entire home,Nashville
554940608101335622,936.0,Entire home,Nashville
557901516338234026,641.0,Entire home,Nashville
559168525355813473,1056.0,Entire home,Nashville
559225409406159053,656.0,Entire home,Nashville
560318084524110103,545.0,Entire home,Nashville
562952739171467376,477.0,Entire condo,Nashville
564421281646559350,750.0,Entire home,Nashville
565940487376896651,807.0,Entire condo,Nashville
568867184075824341,630.0,Entire home,Nashville
574714256598847499,1834.0,Entire home,Nashville
574714257869940774,1734.0,Entire home,Nashville
574779306813022939,1598.0,Entire home,Nashville
577453771740845516,486.0,Room in aparthotel,Nashville
577454347762740789,753.0,Room in aparthotel,Nashville
578164476029163687,621.0,Entire townhouse,Nashville
578247685889708114,1229.0,Entire home,Nashville
578267659125698570,555.0,Entire townhouse,Nashville
578473414296473123,536.0,Entire townhouse,Nashville
578478700485696087,548.0,Entire townhouse,Nashville
578482554514206760,548.0,Entire townhouse,Nashville
578494039987405975,491.0,Entire townhouse,Nashville
578836200309856085,792.0,Entire condo,Nashville
578961008958894971,751.0,Entire place,Nashville
579008590379890485,493.0,Entire home,Nashville
579930004177732696,616.0,Entire home,Nashville
580554730509500647,505.0,Entire home,Nashville
583227558569731839,493.0,Entire home,Nashville
583887981406622058,555.0,Entire townhouse,Nashville
584232111957187727,660.0,Entire home,Nashville
584657763029391033,741.0,Entire home,Nashville
584776454736491745,763.0,Entire home,Nashville
585505579863985763,560.0,Entire home,Nashville
589804454329298919,1100.0,Entire home,Nashville
590031645725685529,660.0,Entire home,Nashville
592903274631892529,494.0,Entire townhouse,Nashville
593432847429053158,1267.0,Entire home,Nashville
593432891456677956,2233.0,Entire home,Nashville
597712933550357333,535.0,Entire condo,Nashville
597882233992600992,646.0,Entire home,Nashville
599957034552506326,902.0,Entire home,Nashville
601397314960853554,872.0,Entire home,Nashville
602769257255657706,1196.0,Entire rental unit,Nashville
602788307237353407,1196.0,Entire rental unit,Nashville
602789624310544940,1196.0,Entire rental unit,Nashville
602790558961123473,1196.0,Entire rental unit,Nashville
604425173495162829,518.0,Entire home,Nashville
604500823991261866,1113.0,Entire home,Nashville
605181888900550845,1242.0,Entire home,Nashville
605984760513769642,90000.0,Entire home,Nashville
607317787622815061,502.0,Entire home,Nashville
607938707901068952,476.0,Entire townhouse,Nashville
610685117945112630,632.0,Entire home,Nashville
610749589227879271,1250.0,Entire home,Nashville
612320725255332151,509.0,Entire home,Nashville
612988314782958490,639.0,Entire townhouse,Nashville
613150240802349675,1784.0,Entire home,Nashville
613590508944765979,1489.0,Entire home,Nashville
618073813478279213,577.0,Entire home,Nashville
619399701333120823,1022.0,Entire home,Nashville
619399730164990348,740.0,Entire home,Nashville
619658380760194006,582.0,Entire home,Nashville
619659874312143848,582.0,Entire home,Nashville
619672621214817508,558.0,Entire home,Nashville
620383830626853200,935.0,Entire townhouse,Nashville
623287889862417111,489.0,Entire home,Nashville
623980978998472385,631.0,Entire home,Nashville
627552290933578663,481.0,Entire home,Nashville
628255676216613435,1267.0,Entire home,Nashville
628416536893081097,1299.0,Entire villa,Nashville
630373674028219916,479.0,Private room in resort,Nashville
631056728104488716,505.0,Entire home,Nashville
634130033595862601,638.0,Entire home,Nashville
634237417393145288,479.0,Entire condo,Nashville
634399047791794464,970.0,Entire condo,Nashville
634776386438720670,900.0,Entire townhouse,Nashville
635462190301637158,505.0,Entire condo,Nashville
635469303674516297,707.0,Entire townhouse,Nashville
635766916653273369,677.0,Entire home,Nashville
639131845527083577,632.0,Entire home,Nashville
640999393041578494,964.0,Entire rental unit,Nashville
640999465821141503,887.0,Entire rental unit,Nashville
643258231104060492,500.0,Entire rental unit,Nashville
643381710459914257,737.0,Entire townhouse,Nashville
643409517686852696,3729.0,Entire home,Nashville
644332760407240540,3611.0,Private room in home,Nashville
644350228328811150,549.0,Entire home,Nashville
644742519837700351,669.0,Entire condo,Nashville
645022492111270016,604.0,Entire home,Nashville
647825209556440922,668.0,Entire home,Nashville
649974512358314429,1335.0,Entire home,Nashville
650014671351014152,479.0,Entire rental unit,Nashville
651328954121366622,632.0,Entire home,Nashville
651703864417268853,499.0,Entire home,Nashville
654174858816755814,656.0,Entire serviced apartment,Nashville
658820419941458377,664.0,Entire home,Nashville
658946547116206880,542.0,Entire rental unit,Nashville
660056883082846340,706.0,Entire vacation home,Nashville
660308732457221396,566.0,Entire townhouse,Nashville
660808895374366564,1278.0,Entire home,Nashville
661700293422494241,1673.0,Entire home,Nashville
662972622060364616,475.0,Entire home,Nashville
664991574855410659,549.0,Entire home,Nashville
666148849585774599,655.0,Entire rental unit,Nashville
666596753838567350,1178.0,Entire home,Nashville
670759620404259416,494.0,Entire home,Nashville
670934779143126236,1110.0,Entire home,Nashville
671753857149431400,9999.0,Entire townhouse,Nashville
671760574002197845,9999.0,Entire townhouse,Nashville
671761745389896543,9999.0,Entire townhouse,Nashville
671771983477327756,9999.0,Entire townhouse,Nashville
672357004979144403,1185.0,Entire villa,Nashville
673984675015661242,528.0,Entire condo,Nashville
674612687669989407,610.0,Entire home,Nashville
676810105353166582,475.0,Room in boutique hotel,Nashville
679716959988878950,2459.0,Entire home,Nashville
684869194843846056,550.0,Entire townhouse,Nashville
684871352352471484,500.0,Entire home,Nashville
686204402411809162,477.0,Entire home,Nashville
686279316731542349,499.0,Entire home,Nashville
687818920234993492,498.0,Private room in resort,Nashville
696886403811016526,484.0,Entire home,Nashville
697022761364791451,587.0,Entire home,Nashville
703443056065962916,700.0,Entire home,Nashville
703519608908418096,575.0,Entire home,Nashville
705027894521605578,491.0,Entire townhouse,Nashville
705604450476342005,871.0,Entire townhouse,Nashville
709952316127237292,578.0,Entire home,Nashville
711660433732309724,1042.0,Entire home,Nashville
715045124237260070,565.0,Room in hotel,Nashville
715137326830246459,627.0,Room in hotel,Nashville
715138084492138903,500.0,Room in hotel,Nashville
715139124843137990,530.0,Room in hotel,Nashville
715139237298212874,509.0,Room in hotel,Nashville
715140271111739254,509.0,Room in hotel,Nashville
715141198852250594,565.0,Room in hotel,Nashville
715141317239912333,565.0,Room in hotel,Nashville
715143096084085816,1933.0,Room in hotel,Nashville
715212465090524704,475.0,Room in hotel,Nashville
715219239084593022,484.0,Room in hotel,Nashville
715225220498107003,1018.0,Room in hotel,Nashville
715225759917767776,1018.0,Room in hotel,Nashville
715231184544818657,1254.0,Room in hotel,Nashville
715231649642394956,1254.0,Room in hotel,Nashville
715234367503127845,966.0,Room in hotel,Nashville
715234644971328559,966.0,Room in hotel,Nashville
715237662432835478,1693.0,Room in hotel,Nashville
715238323440909528,1693.0,Room in hotel,Nashville
715759211110452102,1527.0,Room in hotel,Nashville
715763765808204820,1882.0,Room in hotel,Nashville
715770457744762230,1450.0,Room in hotel,Nashville
715771865812706496,1450.0,Room in hotel,Nashville
715782565077181687,2036.0,Room in hotel,Nashville
715789169240748205,2508.0,Room in hotel,Nashville
716748933146900320,620.0,Entire townhouse,Nashville
719484339843816883,543.0,Entire home,Nashville
720510768548879114,989.0,Entire rental unit,Nashville
721565443697930856,764.0,Entire rental unit,Nashville
721759643866892259,613.0,Entire home,Nashville
721761310299636935,613.0,Entire home,Nashville
721776642303422756,1951.0,Entire home,Nashville
723011864219940272,756.0,Entire condo,Nashville
723025408402274364,748.0,Entire condo,Nashville
723084742833302051,1477.0,Entire condo,Nashville
725314781977551978,695.0,Entire condo,Nashville
726115010984952579,772.0,Entire home,Nashville
727541865296877632,636.0,Entire home,Nashville
732566627202117678,559.0,Entire home,Nashville
733861976472000725,715.0,Entire home,Nashville
736281664653046440,483.0,Entire home,Nashville
738290085818084877,822.0,Entire home,Nashville
739304502085391324,771.0,Entire home,Nashville
741305370539925022,564.0,Entire home,Nashville
742842134200082875,557.0,Entire place,Nashville
743246541260366072,508.0,Entire townhouse,Nashville
744741378455883584,1079.0,Entire rental unit,Nashville
745692768400397277,668.0,Entire home,Nashville
745692979312054188,756.0,Entire home,Nashville
745693578780515379,692.0,Entire home,Nashville
747792146503376030,4500.0,Entire home,Nashville
749243966603655628,500.0,Entire townhouse,Nashville
749248467535389040,697.0,Entire home,Nashville
750040122031485221,517.0,Entire serviced apartment,Nashville
752306663827485189,546.0,Entire townhouse,Nashville
752317837799522529,546.0,Entire townhouse,Nashville
752321613910109867,632.0,Entire townhouse,Nashville
752798993421976569,3137.0,Entire home,Nashville
755001444120072547,2136.0,Entire condo,Nashville
755767993989958334,1972.0,Entire condo,Nashville
758059386958030902,571.0,Entire home,Nashville
761576421857718636,1005.0,Entire townhouse,Nashville
763125961266751855,713.0,Entire home,Nashville
763897231334997833,667.0,Entire home,Nashville
765089092457731755,549.0,Entire home,Nashville
765270270881978376,1043.0,Entire home,Nashville
765288785475303212,786.0,Entire home,Nashville
765311123969228156,1130.0,Entire home,Nashville
769766065353933937,2696.0,Entire villa,Nashville
770364542310829669,650.0,Entire home,Nashville
770372692264525910,1173.0,Entire home,Nashville
770424831979503862,1071.0,Entire home,Nashville
771990058385718731,595.0,Entire home,Nashville
772392693786100523,745.0,Entire home,Nashville
772429637523222913,650.0,Entire home,Nashville
773237994279545152,1703.0,Entire home,Nashville
774786585557163642,1685.0,Entire condo,Nashville
775078492252308547,576.0,Entire home,Nashville
775672005961383405,490.0,Entire home,Nashville
778340802974259742,835.0,Entire rental unit,Nashville
780374686116069710,477.0,Entire rental unit,Nashville
782027644204518611,818.0,Entire home,Nashville
786288599471268361,593.0,Entire home,Nashville
788295798697610212,876.0,Entire home,Nashville
790506090639904832,516.0,Entire home,Nashville
791680981169139565,1148.0,Entire townhouse,Nashville
794371072137801028,1007.0,Entire home,Nashville
796304299558754227,495.0,Entire home,Nashville
796592736633785356,2261.0,Entire home,Nashville
800363928685803950,593.0,Entire home,Nashville
800885128151121944,833.0,Entire home,Nashville
801582723882515693,503.0,Entire home,Nashville
803421256580712608,532.0,Entire home,Nashville
805996051361538546,885.0,Entire townhouse,Nashville
809366600221516562,2098.0,Entire rental unit,Nashville
810873758482458831,493.0,Entire home,Nashville
810999770284962526,721.0,Entire condo,Nashville
811530983037788454,886.0,Entire home,Nashville
811680945466687375,818.0,Entire condo,Nashville
811760270290984618,586.0,Entire townhouse,Nashville
811804374775649684,583.0,Entire home,Nashville
816086839582375837,1117.0,Entire home,Nashville
816920355010831407,886.0,Entire home,Nashville
818147861054751216,490.0,Entire home,Nashville
818148087119924902,1117.0,Entire home,Nashville
818946258937054760,1117.0,Entire home,Nashville
818960193762341455,1498.0,Entire home,Nashville
820920145264689193,527.0,Entire home,Nashville
820942825898608459,623.0,Entire home,Nashville
821644637111770566,549.0,Entire home,Nashville
823220522290221407,946.0,Entire townhouse,Nashville
823771659255685481,525.0,Entire home,Nashville
823959530941753497,727.0,Entire home,Nashville
823964167252498868,1356.0,Entire home,Nashville
823970355434627902,800.0,Entire home,Nashville
823972401728543305,794.0,Entire home,Nashville
825132023507236180,526.0,Entire rental unit,Nashville
826249325549324525,863.0,Entire home,Nashville
828508621093197095,542.0,Entire home,Nashville
828971973252398851,601.0,Entire home,Nashville
829126277401715831,842.0,Entire home,Nashville
829128850424705956,938.0,Entire home,Nashville
833694016915418072,530.0,Entire home,Nashville
836273009435048155,606.0,Entire townhouse,Nashville
836850802312825285,544.0,Entire home,Nashville
837609219593508086,476.0,Entire home,Nashville
837801473849414975,546.0,Entire home,Nashville
838333495477566381,705.0,Entire home,Nashville
839879058530889972,1903.0,Entire home,Nashville
841249538749360734,702.0,Entire home,Nashville
841372589210904515,679.0,Entire home,Nashville
841432588761133568,2771.0,Entire home,Nashville
844256955183898856,856.0,Entire home,Nashville
850858993633344103,555.0,Entire home,Nashville
852755080971149892,479.0,Entire home,Nashville
853018550166244322,1078.0,Entire home,Nashville
856623667192373654,2196.0,Entire home,Nashville
857785805687205677,3343.0,Entire home,Nashville
859485388126019605,612.0,Entire home,Nashville
863155686840417697,494.0,Entire townhouse,Nashville
863155701224265394,1053.0,Entire townhouse,Nashville
864463714083649588,772.0,Entire home,Nashville
868891630554331100,506.0,Entire home,Nashville
873071499026293051,476.0,Entire home,Nashville
873983621345444986,2080.0,Entire townhouse,Nashville
874092065574353512,1053.0,Entire home,Nashville
878091103113380992,2163.0,Entire home,Nashville
878332235936974917,499.0,Entire home,Nashville
879125974577872181,586.0,Entire home,Nashville
879125995251351036,523.0,Entire home,Nashville
882516514766353421,558.0,Entire rental unit,Nashville
882881981674875521,489.0,Entire rental unit,Nashville
883258698336255753,552.0,Entire home,Nashville
883404385272227219,494.0,Entire home,Nashville
884184767531482114,999.0,Entire rental unit,Nashville
884823060192843543,531.0,Entire home,Nashville
886876612592757050,1743.0,Entire home,Nashville
888342235063280303,1521.0,Entire home,Nashville
888427139533300032,902.0,Entire home,Nashville
892265062274469661,1785.0,Entire home,Nashville
892724335754308426,1757.0,Entire home,Nashville
893410936138112763,686.0,Entire home,Nashville
893727835423287381,589.0,Entire home,Nashville
894324460644887779,657.0,Entire rental unit,Nashville
895017692659309750,702.0,Entire condo,Nashville
897240111282088361,695.0,Entire rental unit,Nashville
898521863126504665,489.0,Entire home,Nashville
898534093284365394,700.0,Entire rental unit,Nashville
898536674882779184,1000.0,Entire rental unit,Nashville
898540599442625440,500.0,Entire rental unit,Nashville
898542202912726916,725.0,Entire rental unit,Nashville
898544154240541758,1200.0,Entire rental unit,Nashville
899253634186650476,507.0,Entire home,Nashville
900069426512358762,675.0,Entire home,Nashville
900668783114372819,629.0,Entire home,Nashville
901618842466044609,747.0,Entire home,Nashville
902979180380912778,939.0,Entire home,Nashville
903686403286570933,639.0,Entire rental unit,Nashville
903732029432517885,689.0,Entire rental unit,Nashville
907336127643019725,1091.0,Entire home,Nashville
907983263918322343,489.0,Entire home,Nashville
908075425242094968,999.0,Entire condo,Nashville
910438747503803764,899.0,Entire condo,Nashville
913787046180944297,517.0,Entire rental unit,Nashville
913932172862137837,746.0,Room in hotel,Nashville
914543021341914064,587.0,Entire home,Nashville
916939100021216210,843.0,Entire home,Nashville
917533688931668569,623.0,Entire home,Nashville
918012256051003541,561.0,Room in hotel,Nashville
918712906024974100,657.0,Entire home,Nashville
920310994413705471,542.0,Room in hotel,Nashville
920312270261361403,720.0,Room in hotel,Nashville
923315523796278771,529.0,Entire home,Nashville
925368927153477790,493.0,Entire rental unit,Nashville
927465584317648667,1425.0,Room in hotel,Nashville
929039178004615314,531.0,Room in hotel,Nashville
929040010660227069,584.0,Room in hotel,Nashville
929040188680257431,653.0,Room in hotel,Nashville
929040583620129728,601.0,Room in hotel,Nashville
929040735219802035,584.0,Room in hotel,Nashville
929040925412714839,619.0,Room in hotel,Nashville
929041131477256346,780.0,Room in hotel,Nashville
929041304151072266,758.0,Room in hotel,Nashville
929041458390155122,702.0,Room in hotel,Nashville
929915323964428150,564.0,Entire home,Nashville
933328535456844634,491.0,Entire home,Nashville
934348636080399380,690.0,Entire home,Nashville
934723197222584691,530.0,Entire condo,Nashville
934847822615518441,545.0,Entire rental unit,Nashville
937862010732273877,594.0,Entire home,Nashville
938976961758640195,856.0,Entire home,Nashville
939062397050342804,659.0,Entire rental unit,Nashville
939069737298540544,627.0,Entire rental unit,Nashville
939083421607799295,1073.0,Entire rental unit,Nashville
939087411308800969,1123.0,Entire rental unit,Nashville
939898872640342411,919.0,Entire rental unit,Nashville
940683422850194172,807.0,Entire home,Nashville
944163302579106630,650.0,Boat,Nashville
944330377780154206,660.0,Entire home,Nashville
944347041385623709,899.0,Entire home,Nashville
944352028550001775,524.0,Entire home,Nashville
946304115712834596,560.0,Entire home,Nashville
948642453431473310,673.0,Entire townhouse,Nashville
948885374042873169,536.0,Entire home,Nashville
949227248692902323,577.0,Entire home,Nashville
950851393512158620,503.0,Entire home,Nashville
951387419691307509,476.0,Entire home,Nashville
953542184209406582,489.0,Entire home,Nashville
953584527978674155,931.0,Entire home,Nashville
953770544177428731,627.0,Entire home,Nashville
953870013038161835,627.0,Entire home,Nashville
954385173764058980,491.0,Entire home,Nashville
958108652241362587,970.0,Entire home,Nashville
958124014512459930,591.0,Entire home,Nashville
958769939324352908,1347.0,Entire home,Nashville
959424371107914286,1392.0,Entire home,Nashville
960157988463588433,721.0,Entire townhouse,Nashville
960278222753185462,662.0,Entire townhouse,Nashville
961166667280953031,508.0,Entire rental unit,Nashville
963956584405850925,661.0,Entire home,Nashville
964507549137013768,599.0,Entire home,Nashville
965242740581440512,480.0,Entire home,Nashville
967295369142322857,800.0,Entire home,Nashville
968042365638179222,692.0,Entire home,Nashville
968144543703286528,515.0,Room in hotel,Nashville
968146301358588752,589.0,Room in hotel,Nashville
968152450657305104,531.0,Room in hotel,Nashville
968153360159730766,515.0,Room in hotel,Nashville
968154385900634553,548.0,Room in hotel,Nashville
968155349944728689,691.0,Room in hotel,Nashville
968156923320011494,720.0,Room in hotel,Nashville
968158179213894539,635.0,Room in hotel,Nashville
968222261480429635,2101.0,Entire townhouse,Nashville
969154276740778025,530.0,Entire rental unit,Nashville
969519390314254144,9999.0,Entire home,Nashville
969558673056941709,491.0,Entire townhouse,Nashville
969609902702397850,591.0,Entire home,Nashville
971223298634267360,481.0,Entire home,Nashville
971751422839634520,1600.0,Entire home,Nashville
972329708359202449,647.0,Entire home,Nashville
975308658579058225,2098.0,Entire home,Nashville
976016244278497211,499.0,Entire home,Nashville
978141177290866361,772.0,Entire home,Nashville
980330116739246187,9999.0,Entire home,Nashville
557948,614.0,Entire home,Portland
1209612,1500.0,Entire rental unit,Portland
2241274,500.0,Entire home,Portland
4494541,496.0,Entire home,Portland
5404942,1500.0,Entire home,Portland
5914549,2500.0,Entire rental unit,Portland
6555772,495.0,Entire home,Portland
6967714,558.0,Entire home,Portland
9059118,507.0,Entire home,Portland
9062987,5000.0,Entire home,Portland
9319598,500.0,Entire rental unit,Portland
13799741,587.0,Entire home,Portland
14210054,629.0,Entire home,Portland
14852770,1086.0,Entire rental unit,Portland
15289907,628.0,Entire home,Portland
16416965,681.0,Entire home,Portland
18379258,524.0,Entire home,Portland
24607040,502.0,Entire condo,Portland
25099504,543.0,Entire home,Portland
31271674,732.0,Entire home,Portland
33094401,1000.0,Entire home,Portland
33469567,1250.0,Entire home,Portland
33619387,1086.0,Entire rental unit,Portland
34752229,535.0,Entire home,Portland
35849527,600.0,Entire home,Portland
36068988,507.0,Entire home,Portland
39781784,495.0,Entire home,Portland
39943647,700.0,Entire townhouse,Portland
40136778,594.0,Private room in home,Portland
40864982,721.0,Entire home,Portland
40865331,1119.0,Entire home,Portland
41741290,599.0,Room in boutique hotel,Portland
46625231,650.0,Entire home,Portland
47362022,700.0,Entire home,Portland
48230974,830.0,Entire home,Portland
48231166,559.0,Entire home,Portland
48524903,742.0,Entire home,Portland
49907858,596.0,Entire home,Portland
51004851,1030.0,Entire home,Portland
572505670557685660,711.0,Entire townhouse,Portland
572535440383228772,538.0,Entire townhouse,Portland
589860024242990984,485.0,Entire rental unit,Portland
595680673819411804,943.0,Entire home,Portland
620313859717603008,556.0,Entire rental unit,Portland
635413907290834919,1139.0,Entire vacation home,Portland
659947146669887391,802.0,Room in hotel,Portland
659947812990469867,619.0,Room in hotel,Portland
681789275269508432,475.0,Entire vacation home,Portland
691287608005268426,1000.0,Tiny home,Portland
704889862475133972,514.0,Entire rental unit,Portland
704889875639887651,486.0,Entire rental unit,Portland
770267619224376209,480.0,Entire guesthouse,Portland
804969728328404357,660.0,Room in hotel,Portland
804977813852000238,660.0,Room in hotel,Portland
804991407906341646,687.0,Room in hotel,Portland
804998565238121570,687.0,Room in hotel,Portland
804998673214155231,687.0,Room in hotel,Portland
805000021159044090,660.0,Room in hotel,Portland
805002221663749117,660.0,Room in hotel,Portland
805002325201158022,660.0,Room in hotel,Portland
816145492959772426,889.0,Entire home,Portland
825971173276680194,881.0,Room in hotel,Portland
825971286621009335,881.0,Room in hotel,Portland
825971415601943212,881.0,Room in hotel,Portland
825972059189282341,916.0,Room in hotel,Portland
825972173318044843,916.0,Room in hotel,Portland
825972289210753775,916.0,Room in hotel,Portland
833521729084949016,1500.0,Entire home,Portland
838470354781704787,921.0,Entire home,Portland
840233470616755202,533.0,Entire home,Portland
842975023676053498,1512.0,Entire rental unit,Portland
844858399661224230,990.0,Tower,Portland
846331310163630868,499.0,Entire home,Portland
850795469124431230,818.0,Entire home,Portland
860214215485218128,5703.0,Entire serviced apartment,Portland
860214290206623139,5703.0,Entire serviced apartment,Portland
860214407294390015,5703.0,Entire serviced apartment,Portland
860214845368204587,5703.0,Entire serviced apartment,Portland
860214981848908059,5703.0,Entire serviced apartment,Portland
860215050264200505,5703.0,Entire serviced apartment,Portland
860215369350075086,5703.0,Entire serviced apartment,Portland
860215783209031216,5703.0,Entire serviced apartment,Portland
860215896048699371,5703.0,Entire serviced apartment,Portland
860216420512409435,5703.0,Entire serviced apartment,Portland
860216575936109861,5703.0,Entire serviced apartment,Portland
860216947899807619,5703.0,Entire serviced apartment,Portland
860217023303637207,5703.0,Entire serviced apartment,Portland
860217282236016030,5703.0,Entire serviced apartment,Portland
860217381165277076,5703.0,Entire serviced apartment,Portland
863278276027894402,550.0,Entire home,Portland
933228875737420288,629.0,Entire rental unit,Portland
939838559899584939,510.0,Room in hotel,Portland
939840263450573118,680.0,Room in hotel,Portland
944177182671893320,803.0,Entire home,Portland
948391432826344545,476.0,Room in hotel,Portland
948398902857233009,497.0,Room in hotel,Portland
948401377729358577,517.0,Room in hotel,Portland
948410254910438370,714.0,Room in hotel,Portland
948412098310709743,528.0,Room in hotel,Portland
948414708042758755,559.0,Room in hotel,Portland
948418271089597579,497.0,Room in hotel,Portland
948420945205841395,528.0,Room in hotel,Portland
948423214541353257,704.0,Room in hotel,Portland
948425319280069446,745.0,Room in hotel,Portland
948427329391448592,663.0,Room in hotel,Portland
948429691406776201,704.0,Room in hotel,Portland
950025956300332328,659.0,Room in hotel,Portland
968035385856579134,525.0,Entire home,Portland
